epoch,Embedding,nll-test
1,-0.01173,2.756185
6,-0.01313,1.068485
11,-0.00282,1.0485
16,-0.00314,1.028515
21,-0.00296,1.00853
26,-0.00266,0.988545
31,-0.00293,0.96856
36,-0.00257,0.948575
41,-0.00251,0.928595
46,-0.00237,0.908605
51,-0.0028,0.88862
56,-0.00243,0.868635
61,-0.00276,0.84865
66,-0.00258,0.828665
71,-0.01265,0.80868
76,-0.01265,0.788695
